{
  "losses": [
    0.002987355158892529,
    0.0021755477357327086,
    0.0020165990405193977,
    0.001943551260787316,
    0.0018746868714484093,
    0.001829737944242008,
    0.0017833786443863138,
    0.001723886545570607,
    0.0016738798397931548,
    0.0016433613199439933,
    0.001593258085635915,
    0.0015689123692179553,
    0.0015235764330706898,
    0.0014918410306101132,
    0.0014586235951625384,
    0.0014505773063808497,
    0.0014205637500319225,
    0.0013844597018144982,
    0.0013563052424615555,
    0.0013428949731368808
  ],
  "metrics": {
    "both": {
      "optimistic": {
        "adjusted_arithmetic_mean_rank": 0.12573933794702213,
        "adjusted_arithmetic_mean_rank_index": 0.8746547382477305,
        "adjusted_geometric_mean_rank_index": 0.9710191096679668,
        "adjusted_hits_at_k": 0.46356086410338904,
        "adjusted_inverse_harmonic_mean_rank": 0.17361065958812827,
        "arithmetic_mean_rank": 279.07929782082323,
        "count": 8260.0,
        "geometric_mean_rank": 32.115299106799945,
        "harmonic_mean_rank": 5.63492969472187,
        "hits_at_1": 0.040314769975786924,
        "hits_at_10": 0.4669491525423729,
        "hits_at_3": 0.24975786924939467,
        "hits_at_5": 0.3593220338983051,
        "inverse_arithmetic_mean_rank": 0.0035832109647990734,
        "inverse_geometric_mean_rank": 0.03113780745664189,
        "inverse_harmonic_mean_rank": 0.17746450340572673,
        "inverse_median_rank": 0.058823529411764705,
        "median_absolute_deviation": 23.721635496089633,
        "median_rank": 17.0,
        "standard_deviation": 602.815770292072,
        "variance": 363386.85291282414,
        "z_arithmetic_mean_rank": 114.18166584529214,
        "z_geometric_mean_rank": 89.00910448821797,
        "z_hits_at_k": 530.8360165998592,
        "z_inverse_harmonic_mean_rank": 498.49253356911305
      },
      "pessimistic": {
        "adjusted_arithmetic_mean_rank": 0.12573944703917092,
        "adjusted_arithmetic_mean_rank_index": 0.8746546291064081,
        "adjusted_geometric_mean_rank_index": 0.9710190635170335,
        "adjusted_hits_at_k": 0.46356086410338904,
        "adjusted_inverse_harmonic_mean_rank": 0.17361064124814743,
        "arithmetic_mean_rank": 279.07953995157385,
        "count": 8260.0,
        "geometric_mean_rank": 32.115348656695595,
        "harmonic_mean_rank": 5.634930274345215,
        "hits_at_1": 0.040314769975786924,
        "hits_at_10": 0.4669491525423729,
        "hits_at_3": 0.24975786924939467,
        "hits_at_5": 0.3593220338983051,
        "inverse_arithmetic_mean_rank": 0.0035832078559880133,
        "inverse_geometric_mean_rank": 0.0311377594149679,
        "inverse_harmonic_mean_rank": 0.1774644851512739,
        "inverse_median_rank": 0.058823529411764705,
        "median_absolute_deviation": 23.721635496089633,
        "median_rank": 17.0,
        "standard_deviation": 602.816098220577,
        "variance": 363387.2482738804,
        "z_arithmetic_mean_rank": 114.1816515974553,
        "z_geometric_mean_rank": 89.00910025776237,
        "z_hits_at_k": 530.8360165998592,
        "z_inverse_harmonic_mean_rank": 498.49248090907747
      },
      "realistic": {
        "adjusted_arithmetic_mean_rank": 0.1257393870198454,
        "adjusted_arithmetic_mean_rank_index": 0.8746546891527875,
        "adjusted_geometric_mean_rank_index": 0.9710190846868616,
        "adjusted_hits_at_k": 0.46356086410338904,
        "adjusted_inverse_harmonic_mean_rank": 0.17361065623638902,
        "arithmetic_mean_rank": 279.07940673828125,
        "count": 8260.0,
        "geometric_mean_rank": 32.115325927734375,
        "harmonic_mean_rank": 5.634929800651433,
        "hits_at_1": 0.040314769975786924,
        "hits_at_10": 0.4669491525423729,
        "hits_at_3": 0.24975786924939467,
        "hits_at_5": 0.3593220338983051,
        "inverse_arithmetic_mean_rank": 0.003583209589123726,
        "inverse_geometric_mean_rank": 0.031137781217694283,
        "inverse_harmonic_mean_rank": 0.17746450006961823,
        "inverse_median_rank": 0.05882352963089943,
        "median_absolute_deviation": 23.721635496089633,
        "median_rank": 17.0,
        "standard_deviation": 602.81591796875,
        "variance": 363387.0625,
        "z_arithmetic_mean_rank": 114.18165943620049,
        "z_geometric_mean_rank": 89.00910219830855,
        "z_hits_at_k": 530.8360165998592,
        "z_inverse_harmonic_mean_rank": 498.49252394518214
      }
    },
    "head": {
      "optimistic": {
        "adjusted_arithmetic_mean_rank": 0.6404130203659153,
        "adjusted_arithmetic_mean_rank_index": 0.3600046119429636,
        "adjusted_geometric_mean_rank_index": 0.40083474112487383,
        "adjusted_hits_at_k": 0.028063831160650365,
        "adjusted_inverse_harmonic_mean_rank": 0.010682110677925348,
        "arithmetic_mean_rank": 552.0445520581114,
        "count": 4130.0,
        "geometric_mean_rank": 263.16138384060014,
        "harmonic_mean_rank": 53.757497376330505,
        "hits_at_1": 0.005084745762711864,
        "hits_at_10": 0.03898305084745763,
        "hits_at_3": 0.011380145278450363,
        "hits_at_5": 0.01476997578692494,
        "inverse_arithmetic_mean_rank": 0.0018114480004772044,
        "inverse_geometric_mean_rank": 0.0037999496180097284,
        "inverse_harmonic_mean_rank": 0.018602056435021122,
        "inverse_median_rank": 0.0030581039755351682,
        "median_absolute_deviation": 352.11802689508045,
        "median_rank": 327.0,
        "standard_deviation": 760.0157255608991,
        "variance": 577623.9030998598,
        "z_arithmetic_mean_rank": 27.96945438323874,
        "z_geometric_mean_rank": 26.10895876036772,
        "z_hits_at_k": 16.96935046130386,
        "z_inverse_harmonic_mean_rank": 16.246729998328544
      },
      "pessimistic": {
        "adjusted_arithmetic_mean_rank": 0.6404135821455206,
        "adjusted_arithmetic_mean_rank_index": 0.36000404951089504,
        "adjusted_geometric_mean_rank_index": 0.4008328851966835,
        "adjusted_hits_at_k": 0.028063831160650365,
        "adjusted_inverse_harmonic_mean_rank": 0.01068207387439034,
        "arithmetic_mean_rank": 552.0450363196126,
        "count": 4130.0,
        "geometric_mean_rank": 263.16219589152513,
        "harmonic_mean_rank": 53.75760288247514,
        "hits_at_1": 0.005084745762711864,
        "hits_at_10": 0.03898305084745763,
        "hits_at_3": 0.011380145278450363,
        "hits_at_5": 0.01476997578692494,
        "inverse_arithmetic_mean_rank": 0.0018114464114500958,
        "inverse_geometric_mean_rank": 0.0037999378923414887,
        "inverse_harmonic_mean_rank": 0.018602019926115376,
        "inverse_median_rank": 0.0030581039755351682,
        "median_absolute_deviation": 352.11802689508045,
        "median_rank": 327.0,
        "standard_deviation": 760.0160718358051,
        "variance": 577624.4294487275,
        "z_arithmetic_mean_rank": 27.969410686803847,
        "z_geometric_mean_rank": 26.108837871762987,
        "z_hits_at_k": 16.96935046130386,
        "z_inverse_harmonic_mean_rank": 16.246674022771437
      },
      "realistic": {
        "adjusted_arithmetic_mean_rank": 0.6404133077704961,
        "adjusted_arithmetic_mean_rank_index": 0.36000432420458484,
        "adjusted_geometric_mean_rank_index": 0.40083398964477457,
        "adjusted_hits_at_k": 0.028063831160650365,
        "adjusted_inverse_harmonic_mean_rank": 0.010682093772552673,
        "arithmetic_mean_rank": 552.0447998046875,
        "count": 4130.0,
        "geometric_mean_rank": 263.1617126464844,
        "harmonic_mean_rank": 53.75754583957735,
        "hits_at_1": 0.005084745762711864,
        "hits_at_10": 0.03898305084745763,
        "hits_at_3": 0.011380145278450363,
        "hits_at_5": 0.01476997578692494,
        "inverse_arithmetic_mean_rank": 0.0018114472040906549,
        "inverse_geometric_mean_rank": 0.003799944883212447,