{
  "losses": [
    0.003156495832524464,
    0.0027272732473826193,
    0.0026597676523524346,
    0.0026276885368095235,
    0.0025707080821811426,
    0.0025274062106884934,
    0.0024732414084711355,
    0.00243725463377693,
    0.002382216743213609,
    0.0023356664970577146,
    0.0022757394019604638,
    0.0022040557141865297,
    0.002126655370171117,
    0.0020520060513930906,
    0.001975564298684893,
    0.0019062785554363002,
    0.001831162136963982,
    0.0017772922594815213,
    0.0017241799142957545,
    0.0016766446436096282
  ],
  "metrics": {
    "both": {
      "optimistic": {
        "adjusted_arithmetic_mean_rank": 0.07924805084543902,
        "adjusted_arithmetic_mean_rank_index": 0.9211685893806585,
        "adjusted_geometric_mean_rank_index": 0.9890112274414607,
        "adjusted_hits_at_k": 0.5018838402044519,
        "adjusted_inverse_harmonic_mean_rank": 0.44323986093716367,
        "arithmetic_mean_rank": 175.21307506053267,
        "count": 8260.0,
        "geometric_mean_rank": 12.681339879675624,
        "harmonic_mean_rank": 2.242786485156277,
        "hits_at_1": 0.40048426150121064,
        "hits_at_10": 0.5050847457627119,
        "hits_at_3": 0.46803874092009684,
        "hits_at_5": 0.4883777239709443,
        "inverse_arithmetic_mean_rank": 0.005707336622306981,
        "inverse_geometric_mean_rank": 0.0788560206956285,
        "inverse_harmonic_mean_rank": 0.4458739191708301,
        "inverse_median_rank": 0.125,
        "median_absolute_deviation": 10.378215529539213,
        "median_rank": 8.0,
        "standard_deviation": 544.668553165364,
        "variance": 296663.83280725096,
        "z_arithmetic_mean_rank": 120.00605993728124,
        "z_geometric_mean_rank": 90.66771939428993,
        "z_hits_at_k": 569.8102480439899,
        "z_inverse_harmonic_mean_rank": 1262.1001014030592
      },
      "pessimistic": {
        "adjusted_arithmetic_mean_rank": 0.07924810560273961,
        "adjusted_arithmetic_mean_rank_index": 0.9211685345985802,
        "adjusted_geometric_mean_rank_index": 0.9890112103495629,
        "adjusted_hits_at_k": 0.5018838402044519,
        "adjusted_inverse_harmonic_mean_rank": 0.4432398439006281,
        "arithmetic_mean_rank": 175.21319612590798,
        "count": 8260.0,
        "geometric_mean_rank": 12.681358048790303,
        "harmonic_mean_rank": 2.24278657044618,
        "hits_at_1": 0.40048426150121064,
        "hits_at_10": 0.5050847457627119,
        "hits_at_3": 0.46803874092009684,
        "hits_at_5": 0.4883777239709443,
        "inverse_arithmetic_mean_rank": 0.00570733267876354,
        "inverse_geometric_mean_rank": 0.0788559077152933,
        "inverse_harmonic_mean_rank": 0.44587390221489515,
        "inverse_median_rank": 0.125,
        "median_absolute_deviation": 10.378215529539213,
        "median_rank": 8.0,
        "standard_deviation": 544.6685330022393,
        "variance": 296663.8108428114,
        "z_arithmetic_mean_rank": 120.00605280049712,
        "z_geometric_mean_rank": 90.6677178273882,
        "z_hits_at_k": 569.8102480439899,
        "z_inverse_harmonic_mean_rank": 1262.1000528925006
      },
      "realistic": {
        "adjusted_arithmetic_mean_rank": 0.07924807784977184,
        "adjusted_arithmetic_mean_rank_index": 0.9211685623641062,
        "adjusted_geometric_mean_rank_index": 0.9890112190493875,
        "adjusted_hits_at_k": 0.5018838402044519,
        "adjusted_inverse_harmonic_mean_rank": 0.44323985790110926,
        "arithmetic_mean_rank": 175.213134765625,
        "count": 8260.0,
        "geometric_mean_rank": 12.68134880065918,
        "harmonic_mean_rank": 2.242786500355657,
        "hits_at_1": 0.40048426150121064,
        "hits_at_10": 0.5050847457627119,
        "hits_at_3": 0.46803874092009684,
        "hits_at_5": 0.4883777239709443,
        "inverse_arithmetic_mean_rank": 0.005707334727048874,
        "inverse_geometric_mean_rank": 0.078855961561203,
        "inverse_harmonic_mean_rank": 0.4458739161491394,
        "inverse_median_rank": 0.125,
        "median_absolute_deviation": 10.378215529539213,
        "median_rank": 8.0,
        "standard_deviation": 544.6685180664062,
        "variance": 296663.8125,
        "z_arithmetic_mean_rank": 120.00605641767578,
        "z_geometric_mean_rank": 90.66771862494565,
        "z_hits_at_k": 569.8102480439899,
        "z_inverse_harmonic_mean_rank": 1262.1000927580683
      }
    },
    "head": {
      "optimistic": {
        "adjusted_arithmetic_mean_rank": 0.39518225938880525,
        "adjusted_arithmetic_mean_rank_index": 0.6055344428615901,
        "adjusted_geometric_mean_rank_index": 0.7204047654315976,
        "adjusted_hits_at_k": 0.01756066994827104,
        "adjusted_inverse_harmonic_mean_rank": 0.0134399778543742,
        "arithmetic_mean_rank": 333.8854721549637,
        "count": 4130.0,
        "geometric_mean_rank": 120.92298933979686,
        "harmonic_mean_rank": 46.57406309614964,
        "hits_at_1": 0.001937046004842615,
        "hits_at_10": 0.0288135593220339,
        "hits_at_3": 0.004842615012106538,
        "hits_at_5": 0.005326876513317191,
        "inverse_arithmetic_mean_rank": 0.0029950389681401824,
        "inverse_geometric_mean_rank": 0.008269726091454562,
        "inverse_harmonic_mean_rank": 0.021471178023174702,
        "inverse_median_rank": 0.008064516129032258,
        "median_absolute_deviation": 140.8472107580322,
        "median_rank": 124.0,
        "standard_deviation": 709.1895068435721,
        "variance": 502949.75661702896,
        "z_arithmetic_mean_rank": 46.911085296154866,
        "z_geometric_mean_rank": 46.933154216206276,
        "z_hits_at_k": 10.515348678747634,
        "z_inverse_harmonic_mean_rank": 20.2482511441691
      },
      "pessimistic": {
        "adjusted_arithmetic_mean_rank": 0.39518225938880525,
        "adjusted_arithmetic_mean_rank_index": 0.6055344428615901,
        "adjusted_geometric_mean_rank_index": 0.7204047654315976,
        "adjusted_hits_at_k": 0.01756066994827104,
        "adjusted_inverse_harmonic_mean_rank": 0.0134399778543742,
        "arithmetic_mean_rank": 333.8854721549637,
        "count": 4130.0,
        "geometric_mean_rank": 120.92298933979686,
        "harmonic_mean_rank": 46.57406309614964,
        "hits_at_1": 0.001937046004842615,
        "hits_at_10": 0.0288135593220339,
        "hits_at_3": 0.004842615012106538,
        "hits_at_5": 0.005326876513317191,
        "inverse_arithmetic_mean_rank": 0.0029950389681401824,
        "inverse_geometric_mean_rank": 0.008269726091454562,
        "inverse_harmonic_mean_rank": 0.021471178023174702,
        "inverse_median_rank": 0.008064516129032258,
        "median_absolute_deviation": 140.8472107580322,
        "median_rank": 124.0,
        "standard_deviation": 709.1895068435721,
        "variance": 502949.75661702896,
        "z_arithmetic_mean_rank": 46.911085296154866,
        "z_geometric_mean_rank": 46.933154216206276,
        "z_hits_at_k": 10.515348678747634,
        "z_inverse_harmonic_mean_rank": 20.2482511441691
      },
      "realistic": {
        "adjusted_arithmetic_mean_rank": 0.3951822539139295,
        "adjusted_arithmetic_mean_rank_index": 0.6055344483429534,
        "adjusted_geometric_mean_rank_index": 0.7204046953261392,
        "adjusted_hits_at_k": 0.01756066994827104,
        "adjusted_inverse_harmonic_mean_rank": 0.01343997799143294,
        "arithmetic_mean_rank": 333.8854675292969,
        "count": 4130.0,
        "geometric_mean_rank": 120.92301940917969,
        "harmonic_mean_rank": 46.57406280126979,
        "hits_at_1": 0.001937046004842615,
        "hits_at_10": 0.0288135593220339,
        "hits_at_3": 0.004842615012106538,
        "hits_at_5": 0.005326876513317191,
        "inverse_arithmetic_mean_rank": 0.002995039103552699,
        "inverse_geometric_mean_rank": 0.008269724436104298,
        "inverse_harmonic_mean_rank": 0.0214711781591177,
        "inverse_median_rank": 0.008064515888690948,