{
  "losses": [
    0.0023881865019166424,
    0.0020437834345800585,
    0.0019283787177716808,
    0.0017777547039914616,
    0.0015966265630193573,
    0.0015096397223961792,
    0.0014330114006938397,
    0.0013660754631237351,
    0.0013292644429201072,
    0.0013045767527939968,
    0.0012703233338935778,
    0.001252642812842662,
    0.0012136318914000262,
    0.0012195220992308427,
    0.0011949168045304773,
    0.0011592962956886248,
    0.0011644521240838045,
    0.0011539518383743112,
    0.0011376448868152995,
    0.0011137505409365535
  ],
  "metrics": {
    "both": {
      "optimistic": {
        "adjusted_arithmetic_mean_rank": 0.045969932323196475,
        "adjusted_arithmetic_mean_rank_index": 0.954458171359559,
        "adjusted_geometric_mean_rank_index": 0.9831870340677042,
        "adjusted_hits_at_k": 0.46293368299011334,
        "adjusted_inverse_harmonic_mean_rank": 0.2005991525658414,
        "arithmetic_mean_rank": 102.49007263922518,
        "count": 8260.0,
        "geometric_mean_rank": 19.116751076516,
        "harmonic_mean_rank": 4.893811735797721,
        "hits_at_1": 0.052905569007263925,
        "hits_at_10": 0.4663438256658596,
        "hits_at_3": 0.30653753026634384,
        "hits_at_5": 0.41561743341404356,
        "inverse_arithmetic_mean_rank": 0.009757042552990428,
        "inverse_geometric_mean_rank": 0.05231014391501135,
        "inverse_harmonic_mean_rank": 0.20433969551486925,
        "inverse_median_rank": 0.05714285714285714,
        "median_absolute_deviation": 24.46293660534243,
        "median_rank": 17.5,
        "standard_deviation": 230.56740522417886,
        "variance": 53161.3283518107,
        "z_arithmetic_mean_rank": 124.81628661151056,
        "z_geometric_mean_rank": 90.12634728816718,
        "z_hits_at_k": 528.7704246738842,
        "z_inverse_harmonic_mean_rank": 574.614576149971
      },
      "pessimistic": {
        "adjusted_arithmetic_mean_rank": 0.045969932323196475,
        "adjusted_arithmetic_mean_rank_index": 0.954458171359559,
        "adjusted_geometric_mean_rank_index": 0.9831870340677042,
        "adjusted_hits_at_k": 0.46293368299011334,
        "adjusted_inverse_harmonic_mean_rank": 0.2005991525658414,
        "arithmetic_mean_rank": 102.49007263922518,
        "count": 8260.0,
        "geometric_mean_rank": 19.116751076516,
        "harmonic_mean_rank": 4.893811735797721,
        "hits_at_1": 0.052905569007263925,
        "hits_at_10": 0.4663438256658596,
        "hits_at_3": 0.30653753026634384,
        "hits_at_5": 0.41561743341404356,
        "inverse_arithmetic_mean_rank": 0.009757042552990428,
        "inverse_geometric_mean_rank": 0.05231014391501135,
        "inverse_harmonic_mean_rank": 0.20433969551486925,
        "inverse_median_rank": 0.05714285714285714,
        "median_absolute_deviation": 24.46293660534243,
        "median_rank": 17.5,
        "standard_deviation": 230.56740522417886,
        "variance": 53161.3283518107,
        "z_arithmetic_mean_rank": 124.81628661151056,
        "z_geometric_mean_rank": 90.12634728816718,
        "z_hits_at_k": 528.7704246738842,
        "z_inverse_harmonic_mean_rank": 574.614576149971
      },
      "realistic": {
        "adjusted_arithmetic_mean_rank": 0.045969933004285535,
        "adjusted_arithmetic_mean_rank_index": 0.9544581706781643,
        "adjusted_geometric_mean_rank_index": 0.983187034401196,
        "adjusted_hits_at_k": 0.46293368299011334,
        "adjusted_inverse_harmonic_mean_rank": 0.2005991550194921,
        "arithmetic_mean_rank": 102.49007415771484,
        "count": 8260.0,
        "geometric_mean_rank": 19.116750717163086,
        "harmonic_mean_rank": 4.89381167730924,
        "hits_at_1": 0.052905569007263925,
        "hits_at_10": 0.4663438256658596,
        "hits_at_3": 0.30653753026634384,
        "hits_at_5": 0.41561743341404356,
        "inverse_arithmetic_mean_rank": 0.009757042862474918,
        "inverse_geometric_mean_rank": 0.052310146391391754,
        "inverse_harmonic_mean_rank": 0.20433969795703888,
        "inverse_median_rank": 0.05714285746216774,
        "median_absolute_deviation": 24.46293660534243,
        "median_rank": 17.5,
        "standard_deviation": 230.56741333007812,
        "variance": 53161.33203125,
        "z_arithmetic_mean_rank": 124.8162865224033,
        "z_geometric_mean_rank": 90.12634731873756,
        "z_hits_at_k": 528.7704246738842,
        "z_inverse_harmonic_mean_rank": 574.6145831784327
      }
    },
    "head": {
      "optimistic": {
        "adjusted_arithmetic_mean_rank": 0.21503785880695792,
        "adjusted_arithmetic_mean_rank_index": 0.7858531263625794,
        "adjusted_geometric_mean_rank_index": 0.7790314827125517,
        "adjusted_hits_at_k": 0.03314119521914981,
        "adjusted_inverse_harmonic_mean_rank": 0.018030207882044024,
        "arithmetic_mean_rank": 189.66440677966102,
        "count": 4130.0,
        "geometric_mean_rank": 98.38771786602928,
        "harmonic_mean_rank": 38.57699676796122,
        "hits_at_1": 0.002421307506053269,
        "hits_at_10": 0.04406779661016949,
        "hits_at_3": 0.014527845036319613,
        "hits_at_5": 0.022518159806295398,
        "inverse_arithmetic_mean_rank": 0.0052724705545924115,
        "inverse_geometric_mean_rank": 0.010163870264392768,
        "inverse_harmonic_mean_rank": 0.02592218378260371,
        "inverse_median_rank": 0.009345794392523364,
        "median_absolute_deviation": 102.29955307688654,
        "median_rank": 107.0,
        "standard_deviation": 288.20966560498067,
        "variance": 83064.81134813477,
        "z_arithmetic_mean_rank": 60.90782042042507,
        "z_geometric_mean_rank": 50.74597193761633,
        "z_hits_at_k": 19.981541383241094,
        "z_inverse_harmonic_mean_rank": 27.348584073764584
      },
      "pessimistic": {
        "adjusted_arithmetic_mean_rank": 0.21503785880695792,
        "adjusted_arithmetic_mean_rank_index": 0.7858531263625794,
        "adjusted_geometric_mean_rank_index": 0.7790314827125517,
        "adjusted_hits_at_k": 0.03314119521914981,
        "adjusted_inverse_harmonic_mean_rank": 0.018030207882044024,
        "arithmetic_mean_rank": 189.66440677966102,
        "count": 4130.0,
        "geometric_mean_rank": 98.38771786602928,
        "harmonic_mean_rank": 38.57699676796122,
        "hits_at_1": 0.002421307506053269,
        "hits_at_10": 0.04406779661016949,
        "hits_at_3": 0.014527845036319613,
        "hits_at_5": 0.022518159806295398,
        "inverse_arithmetic_mean_rank": 0.0052724705545924115,
        "inverse_geometric_mean_rank": 0.010163870264392768,
        "inverse_harmonic_mean_rank": 0.02592218378260371,
        "inverse_median_rank": 0.009345794392523364,
        "median_absolute_deviation": 102.29955307688654,
        "median_rank": 107.0,
        "standard_deviation": 288.20966560498067,
        "variance": 83064.81134813477,
        "z_arithmetic_mean_rank": 60.90782042042507,
        "z_geometric_mean_rank": 50.74597193761633,
        "z_hits_at_k": 19.981541383241094,
        "z_inverse_harmonic_mean_rank": 27.348584073764584
      },
      "realistic": {
        "adjusted_arithmetic_mean_rank": 0.2150378663720959,
        "adjusted_arithmetic_mean_rank_index": 0.7858531187888546,
        "adjusted_geometric_mean_rank_index": 0.7790315338855336,
        "adjusted_hits_at_k": 0.03314119521914981,
        "adjusted_inverse_harmonic_mean_rank": 0.018030208917807003,
        "arithmetic_mean_rank": 189.66441345214844,
        "count": 4130.0,
        "geometric_mean_rank": 98.3876953125,
        "harmonic_mean_rank": 38.576995238942786,
        "hits_at_1": 0.002421307506053269,
        "hits_at_10": 0.04406779661016949,
        "hits_at_3": 0.014527845036319613,
        "hits_at_5": 0.022518159806295398,
        "inverse_arithmetic_mean_rank": 0.005272470414638519,
        "inverse_geometric_mean_rank": 0.010163872502744198,
        "inverse_harmonic_mean_rank": 0.02592218481004238,