{
  "losses": [
    0.00573345047039117,
    0.00427753523771846,
    0.0031965834128331073,
    0.002589761077375837,
    0.0023526571259667823,
    0.0022028410940813695,
    0.0021072076705768127,
    0.0019839810398804354,
    0.0018975305589377996,
    0.0018123256632798287,
    0.0017480094891850107,
    0.0017037419304468256,
    0.001645655970471774,
    0.001597537548107983,
    0.0015530176569036273,
    0.0015229298390245945,
    0.0015180968397925066,
    0.001477016795737048,
    0.0014397190800730802,
    0.0014569134498376023
  ],
  "metrics": {
    "both": {
      "optimistic": {
        "adjusted_arithmetic_mean_rank": 0.03685219835131407,
        "adjusted_arithmetic_mean_rank_index": 0.9635809972034725,
        "adjusted_geometric_mean_rank_index": 0.9941448263463695,
        "adjusted_hits_at_k": 0.5881742718472659,
        "adjusted_inverse_harmonic_mean_rank": 0.4501895666228569,
        "arithmetic_mean_rank": 81.97239709443099,
        "count": 8260.0,
        "geometric_mean_rank": 7.281378833367237,
        "harmonic_mean_rank": 2.2086190982995344,
        "hits_at_1": 0.35944309927360774,
        "hits_at_10": 0.5907990314769975,
        "hits_at_3": 0.5134382566585957,
        "hits_at_5": 0.5519370460048426,
        "inverse_arithmetic_mean_rank": 0.01219922846526026,
        "inverse_geometric_mean_rank": 0.13733662577992184,
        "inverse_harmonic_mean_rank": 0.4527715986744489,
        "inverse_median_rank": 0.3333333333333333,
        "median_absolute_deviation": 2.965204437011204,
        "median_rank": 3.0,
        "standard_deviation": 335.5781721889877,
        "variance": 112612.70964970186,
        "z_arithmetic_mean_rank": 125.87244648603645,
        "z_geometric_mean_rank": 91.13338629517908,
        "z_hits_at_k": 670.534087546612,
        "z_inverse_harmonic_mean_rank": 1287.0906711628174
      },
      "pessimistic": {
        "adjusted_arithmetic_mean_rank": 0.03685219835131407,
        "adjusted_arithmetic_mean_rank_index": 0.9635809972034725,
        "adjusted_geometric_mean_rank_index": 0.9941448263463695,
        "adjusted_hits_at_k": 0.5881742718472659,
        "adjusted_inverse_harmonic_mean_rank": 0.4501895666228569,
        "arithmetic_mean_rank": 81.97239709443099,
        "count": 8260.0,
        "geometric_mean_rank": 7.281378833367237,
        "harmonic_mean_rank": 2.2086190982995344,
        "hits_at_1": 0.35944309927360774,
        "hits_at_10": 0.5907990314769975,
        "hits_at_3": 0.5134382566585957,
        "hits_at_5": 0.5519370460048426,
        "inverse_arithmetic_mean_rank": 0.01219922846526026,
        "inverse_geometric_mean_rank": 0.13733662577992184,
        "inverse_harmonic_mean_rank": 0.4527715986744489,
        "inverse_median_rank": 0.3333333333333333,
        "median_absolute_deviation": 2.965204437011204,
        "median_rank": 3.0,
        "standard_deviation": 335.5781721889877,
        "variance": 112612.70964970186,
        "z_arithmetic_mean_rank": 125.87244648603645,
        "z_geometric_mean_rank": 91.13338629517908,
        "z_hits_at_k": 670.534087546612,
        "z_inverse_harmonic_mean_rank": 1287.0906711628174
      },
      "realistic": {
        "adjusted_arithmetic_mean_rank": 0.03685219824168904,
        "adjusted_arithmetic_mean_rank_index": 0.9635809973131468,
        "adjusted_geometric_mean_rank_index": 0.9941448259832953,
        "adjusted_hits_at_k": 0.5881742718472659,
        "adjusted_inverse_harmonic_mean_rank": 0.45018954209201,
        "arithmetic_mean_rank": 81.97239685058594,
        "count": 8260.0,
        "geometric_mean_rank": 7.281379222869873,
        "harmonic_mean_rank": 2.208619217399014,
        "hits_at_1": 0.35944309927360774,
        "hits_at_10": 0.5907990314769975,
        "hits_at_3": 0.5134382566585957,
        "hits_at_5": 0.5519370460048426,
        "inverse_arithmetic_mean_rank": 0.012199228629469872,
        "inverse_geometric_mean_rank": 0.1373366117477417,
        "inverse_harmonic_mean_rank": 0.4527715742588043,
        "inverse_median_rank": 0.3333333432674408,
        "median_absolute_deviation": 2.965204437011204,
        "median_rank": 3.0,
        "standard_deviation": 335.57818603515625,
        "variance": 112612.71875,
        "z_arithmetic_mean_rank": 125.8724465003632,
        "z_geometric_mean_rank": 91.13338626189604,
        "z_hits_at_k": 670.534087546612,
        "z_inverse_harmonic_mean_rank": 1287.090601029197
      }
    },
    "head": {
      "optimistic": {
        "adjusted_arithmetic_mean_rank": 0.18112043660184748,
        "adjusted_arithmetic_mean_rank_index": 0.8198200352721523,
        "adjusted_geometric_mean_rank_index": 0.916971308464715,
        "adjusted_hits_at_k": 0.18689807225951466,
        "adjusted_inverse_harmonic_mean_rank": 0.09538644200101384,
        "arithmetic_mean_rank": 157.88474576271187,
        "count": 4130.0,
        "geometric_mean_rank": 37.27064224943017,
        "harmonic_mean_rank": 9.738279569099394,
        "hits_at_1": 0.043583535108958835,
        "hits_at_10": 0.19612590799031476,
        "hits_at_3": 0.09346246973365617,
        "hits_at_5": 0.1314769975786925,
        "inverse_arithmetic_mean_rank": 0.006333734111989007,
        "inverse_geometric_mean_rank": 0.026830769196505837,
        "inverse_harmonic_mean_rank": 0.10268754279483897,
        "inverse_median_rank": 0.025,
        "median_absolute_deviation": 48.92587321068486,
        "median_rank": 40.0,
        "standard_deviation": 448.75307714457756,
        "variance": 201379.32424672716,
        "z_arithmetic_mean_rank": 63.50071318262374,
        "z_geometric_mean_rank": 59.73404400285124,
        "z_hits_at_k": 112.43934551625846,
        "z_inverse_harmonic_mean_rank": 144.3686560415133
      },
      "pessimistic": {
        "adjusted_arithmetic_mean_rank": 0.18112043660184748,
        "adjusted_arithmetic_mean_rank_index": 0.8198200352721523,
        "adjusted_geometric_mean_rank_index": 0.916971308464715,
        "adjusted_hits_at_k": 0.18689807225951466,
        "adjusted_inverse_harmonic_mean_rank": 0.09538644200101384,
        "arithmetic_mean_rank": 157.88474576271187,
        "count": 4130.0,
        "geometric_mean_rank": 37.27064224943017,
        "harmonic_mean_rank": 9.738279569099394,
        "hits_at_1": 0.043583535108958835,
        "hits_at_10": 0.19612590799031476,
        "hits_at_3": 0.09346246973365617,
        "hits_at_5": 0.1314769975786925,
        "inverse_arithmetic_mean_rank": 0.006333734111989007,
        "inverse_geometric_mean_rank": 0.026830769196505837,
        "inverse_harmonic_mean_rank": 0.10268754279483897,
        "inverse_median_rank": 0.025,
        "median_absolute_deviation": 48.92587321068486,
        "median_rank": 40.0,
        "standard_deviation": 448.75307714457756,
        "variance": 201379.32424672716,
        "z_arithmetic_mean_rank": 63.50071318262374,
        "z_geometric_mean_rank": 59.73404400285124,
        "z_hits_at_k": 112.43934551625846,
        "z_inverse_harmonic_mean_rank": 144.3686560415133
      },
      "realistic": {
        "adjusted_arithmetic_mean_rank": 0.18112044188283746,
        "adjusted_arithmetic_mean_rank_index": 0.8198200299850973,
        "adjusted_geometric_mean_rank_index": 0.9169713018441207,
        "adjusted_hits_at_k": 0.18689807225951466,
        "adjusted_inverse_harmonic_mean_rank": 0.09538644434581578,
        "arithmetic_mean_rank": 157.88475036621094,
        "count": 4130.0,
        "geometric_mean_rank": 37.27064514160156,
        "harmonic_mean_rank": 9.73827934852696,
        "hits_at_1": 0.043583535108958835,
        "hits_at_10": 0.19612590799031476,
        "hits_at_3": 0.09346246973365617,
        "hits_at_5": 0.1314769975786925,
        "inverse_arithmetic_mean_rank": 0.006333733908832073,
        "inverse_geometric_mean_rank": 0.0268307663500309,
        "inverse_harmonic_mean_rank": 0.1026875451207161,
        "inverse_median_rank": 0.02500000037252903,