{
  "losses": [
    0.003153618168840253,
    0.0027324893240122015,
    0.002664883920653449,
    0.0026250377330325693,
    0.0025651589076128396,
    0.002520792775063333,
    0.0024731012070315014,
    0.0024415402183802894,
    0.002378902626461915,
    0.002329286651420241,
    0.0022760969919436613,
    0.0022081134628811547,
    0.0021333960801775223,
    0.002053960387010169,
    0.001976931594670073,
    0.0019017001307000908,
    0.0018320197743586395,
    0.0017777403794650055,
    0.0017224204506336184,
    0.0016671620703316503
  ],
  "metrics": {
    "both": {
      "optimistic": {
        "adjusted_arithmetic_mean_rank": 0.07855336150142017,
        "adjusted_arithmetic_mean_rank_index": 0.9218619670937529,
        "adjusted_geometric_mean_rank_index": 0.9895535838079913,
        "adjusted_hits_at_k": 0.5156646274446504,
        "adjusted_inverse_harmonic_mean_rank": 0.44466964770053374,
        "arithmetic_mean_rank": 174.35677966101696,
        "count": 8260.0,
        "geometric_mean_rank": 12.167520934634611,
        "harmonic_mean_rank": 2.2356999995217692,
        "hits_at_1": 0.40157384987893463,
        "hits_at_10": 0.5187651331719129,
        "hits_at_3": 0.46464891041162226,
        "hits_at_5": 0.48922518159806294,
        "inverse_arithmetic_mean_rank": 0.005735366310069456,
        "inverse_geometric_mean_rank": 0.0821860102293738,
        "inverse_harmonic_mean_rank": 0.44728720320879656,
        "inverse_median_rank": 0.125,
        "median_absolute_deviation": 10.378215529539213,
        "median_rank": 8.0,
        "standard_deviation": 551.3081809293285,
        "variance": 303940.7103596052,
        "z_arithmetic_mean_rank": 120.28569170549427,
        "z_geometric_mean_rank": 90.71485739725847,
        "z_hits_at_k": 586.5923181328038,
        "z_inverse_harmonic_mean_rank": 1268.6251332879046
      },
      "pessimistic": {
        "adjusted_arithmetic_mean_rank": 0.07855341604528251,
        "adjusted_arithmetic_mean_rank_index": 0.9218619125253058,
        "adjusted_geometric_mean_rank_index": 0.9895535833853729,
        "adjusted_hits_at_k": 0.5156646274446504,
        "adjusted_inverse_harmonic_mean_rank": 0.44466964768909173,
        "arithmetic_mean_rank": 174.35690072639224,
        "count": 8260.0,
        "geometric_mean_rank": 12.167521386425905,
        "harmonic_mean_rank": 2.235699999578691,
        "hits_at_1": 0.40157384987893463,
        "hits_at_10": 0.5187651331719129,
        "hits_at_3": 0.46464891041162226,
        "hits_at_5": 0.48922518159806294,
        "inverse_arithmetic_mean_rank": 0.005735362327696107,
        "inverse_geometric_mean_rank": 0.08218600717773142,
        "inverse_harmonic_mean_rank": 0.4472872031974085,
        "inverse_median_rank": 0.125,
        "median_absolute_deviation": 10.378215529539213,
        "median_rank": 8.0,
        "standard_deviation": 551.308858635307,
        "variance": 303941.457609765,
        "z_arithmetic_mean_rank": 120.28568458533567,
        "z_geometric_mean_rank": 90.71485735851599,
        "z_hits_at_k": 586.5923181328038,
        "z_inverse_harmonic_mean_rank": 1268.625133255261
      },
      "realistic": {
        "adjusted_arithmetic_mean_rank": 0.07855338960562464,
        "adjusted_arithmetic_mean_rank_index": 0.921861938976881,
        "adjusted_geometric_mean_rank_index": 0.9895535806246032,
        "adjusted_hits_at_k": 0.5156646274446504,
        "adjusted_inverse_harmonic_mean_rank": 0.4446696460768503,
        "arithmetic_mean_rank": 174.35684204101562,
        "count": 8260.0,
        "geometric_mean_rank": 12.167524337768555,
        "harmonic_mean_rank": 2.2357000075992612,
        "hits_at_1": 0.40157384987893463,
        "hits_at_10": 0.5187651331719129,
        "hits_at_3": 0.46464891041162226,
        "hits_at_5": 0.48922518159806294,
        "inverse_arithmetic_mean_rank": 0.005735364276915789,
        "inverse_geometric_mean_rank": 0.08218598365783691,
        "inverse_harmonic_mean_rank": 0.44728720159276636,
        "inverse_median_rank": 0.125,
        "median_absolute_deviation": 10.378215529539213,
        "median_rank": 8.0,
        "standard_deviation": 551.3084716796875,
        "variance": 303941.0625,
        "z_arithmetic_mean_rank": 120.28568803676997,
        "z_geometric_mean_rank": 90.7148571054293,
        "z_hits_at_k": 586.5923181328038,
        "z_inverse_harmonic_mean_rank": 1268.6251286555992
      }
    },
    "head": {
      "optimistic": {
        "adjusted_arithmetic_mean_rank": 0.3806104623365405,
        "adjusted_arithmetic_mean_rank_index": 0.6201087600585762,
        "adjusted_geometric_mean_rank_index": 0.7457805964603766,
        "adjusted_hits_at_k": 0.04504077811573318,
        "adjusted_inverse_harmonic_mean_rank": 0.015679249641269908,
        "arithmetic_mean_rank": 328.1598062953995,
        "count": 4130.0,
        "geometric_mean_rank": 111.27576414829095,
        "harmonic_mean_rank": 42.26953869798513,
        "hits_at_1": 0.001694915254237288,
        "hits_at_10": 0.05593220338983051,
        "hits_at_3": 0.0031476997578692495,
        "hits_at_5": 0.0070217917675544795,
        "inverse_arithmetic_mean_rank": 0.0030472958016675277,
        "inverse_geometric_mean_rank": 0.008986682838388388,
        "inverse_harmonic_mean_rank": 0.02365769844674617,
        "inverse_median_rank": 0.00966183574879227,
        "median_absolute_deviation": 119.34947858970095,
        "median_rank": 103.5,
        "standard_deviation": 712.3454606675181,
        "variance": 507436.0553336186,
        "z_arithmetic_mean_rank": 47.949892937436296,
        "z_geometric_mean_rank": 48.58429563478757,
        "z_hits_at_k": 27.02990963843539,
        "z_inverse_harmonic_mean_rank": 23.673868001185454
      },
      "pessimistic": {
        "adjusted_arithmetic_mean_rank": 0.38061074316769405,
        "adjusted_arithmetic_mean_rank_index": 0.6201084789013274,
        "adjusted_geometric_mean_rank_index": 0.7457805774103772,
        "adjusted_hits_at_k": 0.04504077811573318,
        "adjusted_inverse_harmonic_mean_rank": 0.01567924961830757,
        "arithmetic_mean_rank": 328.1600484261501,
        "count": 4130.0,
        "geometric_mean_rank": 111.27577241183506,
        "harmonic_mean_rank": 42.269538738679714,
        "hits_at_1": 0.001694915254237288,
        "hits_at_10": 0.05593220338983051,
        "hits_at_3": 0.0031476997578692495,
        "hits_at_5": 0.0070217917675544795,
        "inverse_arithmetic_mean_rank": 0.0030472935532402027,
        "inverse_geometric_mean_rank": 0.008986682171020742,
        "inverse_harmonic_mean_rank": 0.023657698423969954,
        "inverse_median_rank": 0.00966183574879227,
        "median_absolute_deviation": 119.34947858970095,
        "median_rank": 103.5,
        "standard_deviation": 712.346457387853,
        "variance": 507437.47535302426,
        "z_arithmetic_mean_rank": 47.949871196959705,
        "z_geometric_mean_rank": 48.58429439376466,
        "z_hits_at_k": 27.02990963843539,
        "z_inverse_harmonic_mean_rank": 23.673867966514962
      },
      "realistic": {
        "adjusted_arithmetic_mean_rank": 0.38061058506304557,
        "adjusted_arithmetic_mean_rank_index": 0.6201086371895637,
        "adjusted_geometric_mean_rank_index": 0.7457806309056809,
        "adjusted_hits_at_k": 0.04504077811573318,
        "adjusted_inverse_harmonic_mean_rank": 0.015679250677041498,
        "arithmetic_mean_rank": 328.159912109375,
        "count": 4130.0,
        "geometric_mean_rank": 111.27574920654297,
        "harmonic_mean_rank": 42.269536862358045,
        "hits_at_1": 0.001694915254237288,
        "hits_at_10": 0.05593220338983051,
        "hits_at_3": 0.0031476997578692495,
        "hits_at_5": 0.0070217917675544795,
        "inverse_arithmetic_mean_rank": 0.0030472949147224426,
        "inverse_geometric_mean_rank": 0.008986684493720531,
        "inverse_harmonic_mean_rank": 0.023657699474122273,