{
  "losses": [
    0.06567578312992678,
    0.05851130591036639,
    0.051825312228196904,
    0.047392607796022224,
    0.04259675498548361,
    0.0391980494666018,
    0.03483135107264341,
    0.03157047105580952,
    0.028944184638032354,
    0.02657208426379202,
    0.024066714521160014,
    0.022265630446845954,
    0.02023199089589724,
    0.018753692339514374,
    0.017054201590422768,
    0.015405635066072676,
    0.014318736031989309,
    0.013224998287248381,
    0.012037026196264492,
    0.011490428327572374
  ],
  "metrics": {
    "both": {
      "optimistic": {
        "adjusted_arithmetic_mean_rank": 1.0386133910129063,
        "adjusted_arithmetic_mean_rank_index": -0.03863080943638031,
        "adjusted_geometric_mean_rank_index": -0.07333363907138923,
        "adjusted_hits_at_k": 0.001168843733182775,
        "adjusted_inverse_harmonic_mean_rank": 0.00019973110387580973,
        "arithmetic_mean_rank": 2303.450484261501,
        "count": 8260.0,
        "geometric_mean_rank": 1150.2311071579948,
        "harmonic_mean_rank": 204.90354229271512,
        "hits_at_1": 0.00048426150121065375,
        "hits_at_10": 0.007506053268765133,
        "hits_at_3": 0.003026634382566586,
        "hits_at_5": 0.004116222760290557,
        "inverse_arithmetic_mean_rank": 0.00043413132030949885,
        "inverse_geometric_mean_rank": 0.0008693905022885465,
        "inverse_harmonic_mean_rank": 0.004880345106828115,
        "inverse_median_rank": 0.0006581112207963146,
        "median_absolute_deviation": 1978.5326605957257,
        "median_rank": 1519.5,
        "standard_deviation": 2050.7284773913943,
        "variance": 4205487.287984027,
        "z_arithmetic_mean_rank": -5.040387557767957,
        "z_geometric_mean_rank": -6.722367066494556,
        "z_hits_at_k": 1.335467513206381,
        "z_inverse_harmonic_mean_rank": 0.5722296433805631
      },
      "pessimistic": {
        "adjusted_arithmetic_mean_rank": 1.0386134456006308,
        "adjusted_arithmetic_mean_rank_index": -0.03863086404872895,
        "adjusted_geometric_mean_rank_index": -0.07333366669305508,
        "adjusted_hits_at_k": 0.001168843733182775,
        "adjusted_inverse_harmonic_mean_rank": 0.00019973109838934341,
        "arithmetic_mean_rank": 2303.4506053268765,
        "count": 8260.0,
        "geometric_mean_rank": 1150.2311367328412,
        "harmonic_mean_rank": 204.90354252198853,
        "hits_at_1": 0.00048426150121065375,
        "hits_at_10": 0.007506053268765133,
        "hits_at_3": 0.003026634382566586,
        "hits_at_5": 0.004116222760290557,
        "inverse_arithmetic_mean_rank": 0.0004341312974923084,
        "inverse_geometric_mean_rank": 0.0008693904799346998,
        "inverse_harmonic_mean_rank": 0.004880345101367334,
        "inverse_median_rank": 0.0006581112207963146,
        "median_absolute_deviation": 1978.5326605957257,
        "median_rank": 1519.5,
        "standard_deviation": 2050.7286193742107,
        "variance": 4205487.870320457,
        "z_arithmetic_mean_rank": -5.040394683360375,
        "z_geometric_mean_rank": -6.72236959852458,
        "z_hits_at_k": 1.335467513206381,
        "z_inverse_harmonic_mean_rank": 0.5722296276618355
      },
      "realistic": {
        "adjusted_arithmetic_mean_rank": 1.0386134808907417,
        "adjusted_arithmetic_mean_rank_index": -0.038630899354759274,
        "adjusted_geometric_mean_rank_index": -0.07333292881655562,
        "adjusted_hits_at_k": 0.001168843733182775,
        "adjusted_inverse_harmonic_mean_rank": 0.00019973142505113652,
        "arithmetic_mean_rank": 2303.45068359375,
        "count": 8260.0,
        "geometric_mean_rank": 1150.2303466796875,
        "harmonic_mean_rank": 204.9035288711509,
        "hits_at_1": 0.00048426150121065375,
        "hits_at_10": 0.007506053268765133,
        "hits_at_3": 0.003026634382566586,
        "hits_at_5": 0.004116222760290557,
        "inverse_arithmetic_mean_rank": 0.00043413127423264086,
        "inverse_geometric_mean_rank": 0.000869391078595072,
        "inverse_harmonic_mean_rank": 0.004880345426499844,
        "inverse_median_rank": 0.0006581112393178046,
        "median_absolute_deviation": 1978.5326605957257,
        "median_rank": 1519.5,
        "standard_deviation": 2050.728515625,
        "variance": 4205487.5,
        "z_arithmetic_mean_rank": -5.040399289944531,
        "z_geometric_mean_rank": -6.7223019586700445,
        "z_hits_at_k": 1.335467513206381,
        "z_inverse_harmonic_mean_rank": 0.5722305635479223
      }
    },
    "head": {
      "optimistic": {
        "adjusted_arithmetic_mean_rank": 0.9337463097063359,
        "adjusted_arithmetic_mean_rank_index": 0.06633094268572226,
        "adjusted_geometric_mean_rank_index": 0.08004353894906935,
        "adjusted_hits_at_k": 0.003518467631816227,
        "adjusted_inverse_harmonic_mean_rank": 0.00124520729378998,
        "arithmetic_mean_rank": 801.739225181598,
        "count": 4130.0,
        "geometric_mean_rank": 401.3196312949988,
        "harmonic_mean_rank": 107.79569573473762,
        "hits_at_1": 0.0009685230024213075,
        "hits_at_10": 0.01476997578692494,
        "hits_at_3": 0.006053268765133172,
        "hits_at_5": 0.007990314769975786,
        "inverse_arithmetic_mean_rank": 0.001247288355853482,
        "inverse_geometric_mean_rank": 0.0024917794247272394,
        "inverse_harmonic_mean_rank": 0.00927680825457807,
        "inverse_median_rank": 0.002224694104560623,
        "median_absolute_deviation": 441.07416000541656,
        "median_rank": 449.5,
        "standard_deviation": 1083.3114286145762,
        "variance": 1173563.651366954,
        "z_arithmetic_mean_rank": 5.144486474625808,
        "z_geometric_mean_rank": 5.214014475649009,
        "z_hits_at_k": 2.122076085226108,
        "z_inverse_harmonic_mean_rank": 1.8891303750001924
      },
      "pessimistic": {
        "adjusted_arithmetic_mean_rank": 0.9337465917041324,
        "adjusted_arithmetic_mean_rank_index": 0.06633066035911384,
        "adjusted_geometric_mean_rank_index": 0.08004349152288637,
        "adjusted_hits_at_k": 0.003518467631816227,
        "adjusted_inverse_harmonic_mean_rank": 0.0012452072827798776,
        "arithmetic_mean_rank": 801.7394673123487,
        "count": 4130.0,
        "geometric_mean_rank": 401.3196519325321,
        "harmonic_mean_rank": 107.79569586164521,
        "hits_at_1": 0.0009685230024213075,
        "hits_at_10": 0.01476997578692494,
        "hits_at_3": 0.006053268765133172,
        "hits_at_5": 0.007990314769975786,
        "inverse_arithmetic_mean_rank": 0.0012472879791639486,
        "inverse_geometric_mean_rank": 0.0024917792965895302,
        "inverse_harmonic_mean_rank": 0.009276808243656507,
        "inverse_median_rank": 0.002224694104560623,
        "median_absolute_deviation": 441.07416000541656,
        "median_rank": 449.5,
        "standard_deviation": 1083.3123018136243,
        "variance": 1173565.5432607331,
        "z_arithmetic_mean_rank": 5.144464577976066,
        "z_geometric_mean_rank": 5.214011386320273,
        "z_hits_at_k": 2.122076085226108,
        "z_inverse_harmonic_mean_rank": 1.8891303582965353
      },
      "realistic": {
        "adjusted_arithmetic_mean_rank": 0.9337464187945949,
        "adjusted_arithmetic_mean_rank_index": 0.06633083347026547,
        "adjusted_geometric_mean_rank_index": 0.08004358651718568,
        "adjusted_hits_at_k": 0.003518467631816227,
        "adjusted_inverse_harmonic_mean_rank": 0.0012452072786094288,
        "arithmetic_mean_rank": 801.7393188476562,
        "count": 4130.0,
        "geometric_mean_rank": 401.3196105957031,
        "harmonic_mean_rank": 107.79569590971576,
        "hits_at_1": 0.0009685230024213075,
        "hits_at_10": 0.01476997578692494,
        "hits_at_3": 0.006053268765133172,
        "hits_at_5": 0.007990314769975786,
        "inverse_arithmetic_mean_rank": 0.0012472881935536861,
        "inverse_geometric_mean_rank": 0.002491779625415802,